forecast_generated_at,forecast_for,lead_hours,city,forecast_temperature_c,forecast_rain_probability_pct,forecast_precipitation_mm,forecast_weather_code
2026-08-27 17:17:17.823606,2026-08-27 17:00:00,-0.288284335,Raipur,26.1,90,1.2,55
2026-08-27 17:17:17.823606,2026-08-27 18:00:00,0.711715665,Raipur,25.9,94,0.6,53
2026-08-27 17:17:17.823606,2026-08-27 19:00:00,1.711715665,Raipur,25.6,99,0.4,51
2026-08-27 17:17:17.823606,2026-08-27 20:00:00,2.711715665,Raipur,25.3,98,0.2,51
2026-08-27 17:17:17.823606,2026-08-27 21:00:00,3.711715665,Raipur,25.2,84,0.2,51
2026-08-27 17:17:17.823606,2026-08-27 22:00:00,4.711715665,Raipur,25.1,65,0.1,51
2026-08-27 17:17:17.823606,2026-08-27 23:00:00,5.711715665,Raipur,25.0,49,0.1,51
2026-08-27 17:17:17.823606,2026-08-28 00:00:00,6.711715665,Raipur,24.9,43,0.1,51
2026-08-27 17:17:17.823606,2026-08-28 01:00:00,7.711715665,Raipur,24.9,41,0.0,3
2026-08-27 17:17:17.823606,2026-08-28 02:00:00,8.711715665,Raipur,24.6,39,0.0,3
2026-08-27 17:17:17.823606,2026-08-28 03:00:00,9.711715665,Raipur,24.6,35,0.0,3
2026-08-27 17:17:17.823606,2026-08-28 04:00:00,10.711715665,Raipur,24.7,30,0.0,3
2026-08-27 17:17:17.823606,2026-08-28 05:00:00,11.711715665,Raipur,24.5,27,0.0,3
2026-08-27 17:17:17.823606,2026-08-28 06:00:00,12.711715665,Raipur,24.7,24,0.0,3
2026-08-27 17:17:17.823606,2026-08-28 07:00:00,13.711715665,Raipur,25.8,23,0.0,3
2026-08-27 17:17:17.823606,2026-08-28 08:00:00,14.711715665,Raipur,26.9,24,0.0,2
2026-08-27 17:17:17.823606,2026-08-28 09:00:00,15.711715665,Raipur,28.2,30,0.0,2
2026-08-27 17:17:17.823606,2026-08-28 10:00:00,16.711715665,Raipur,29.2,38,0.0,1
2026-08-27 17:17:17.823606,2026-08-28 11:00:00,17.711715665,Raipur,29.7,47,0.3,51
2026-08-27 17:17:17.823606,2026-08-28 12:00:00,18.711715665,Raipur,30.6,56,0.1,51
2026-08-27 17:17:17.823606,2026-08-28 13:00:00,19.711715665,Raipur,30.9,65,0.0,1
2026-08-27 17:17:17.823606,2026-08-28 14:00:00,20.711715665,Raipur,31.2,73,0.1,51
2026-08-27 17:17:17.823606,2026-08-28 15:00:00,21.711715665,Raipur,29.0,78,1.6,95
2026-08-27 17:17:17.823606,2026-08-28 16:00:00,22.711715665,Raipur,28.7,82,0.7,53
2026-08-27 17:17:17.823606,2026-08-28 17:00:00,23.711715665,Raipur,27.8,82,0.8,95
2026-08-27 17:17:17.823606,2026-08-28 18:00:00,24.711715665,Raipur,24.9,77,6.1,95
2026-08-27 17:17:17.823606,2026-08-28 19:00:00,25.711715665,Raipur,25.7,68,1.5,80
2026-08-27 17:17:17.823606,2026-08-28 20:00:00,26.711715665,Raipur,25.3,59,0.5,53
2026-08-27 17:17:17.823606,2026-08-28 21:00:00,27.711715665,Raipur,25.1,52,0.1,51
2026-08-27 17:17:17.823606,2026-08-28 22:00:00,28.711715665,Raipur,24.9,45,0.0,3
2026-08-27 17:17:17.823606,2026-08-28 23:00:00,29.711715665,Raipur,24.9,39,0.0,3
2026-08-27 17:17:17.823606,2026-08-29 00:00:00,30.711715665,Raipur,25.0,36,0.0,3
2026-08-27 17:17:17.823606,2026-08-29 01:00:00,31.711715665,Raipur,24.8,34,0.0,3
2026-08-27 17:17:17.823606,2026-08-29 02:00:00,32.711715665,Raipur,24.8,33,0.0,3
2026-08-27 17:17:17.823606,2026-08-29 03:00:00,33.711715665,Raipur,24.6,34,0.3,51
2026-08-27 17:17:17.823606,2026-08-29 04:00:00,34.711715665,Raipur,24.7,36,0.3,51
2026-08-27 17:17:17.823606,2026-08-29 05:00:00,35.711715665,Raipur,24.8,39,0.5,53
2026-08-27 17:17:17.823606,2026-08-29 06:00:00,36.711715665,Raipur,24.7,43,0.5,53
2026-08-27 17:17:17.823606,2026-08-29 07:00:00,37.711715665,Raipur,24.9,49,3.3,95
2026-08-27 17:17:17.823606,2026-08-29 08:00:00,38.711715665,Raipur,25.5,55,2.7,95
2026-08-27 17:17:17.823606,2026-08-29 09:00:00,39.711715665,Raipur,26.6,62,1.1,95
2026-08-27 17:17:17.823606,2026-08-29 10:00:00,40.711715665,Raipur,27.0,70,0.5,95
2026-08-27 17:17:17.823606,2026-08-29 11:00:00,41.711715665,Raipur,27.2,75,0.6,95
2026-08-27 17:17:17.823606,2026-08-29 12:00:00,42.711715665,Raipur,26.7,77,5.0,96
2026-08-27 17:17:17.823606,2026-08-29 13:00:00,43.711715665,Raipur,27.5,76,4.2,96
2026-08-27 17:17:17.823606,2026-08-29 14:00:00,44.711715665,Raipur,27.4,76,2.4,95
2026-08-27 17:17:17.823606,2026-08-29 15:00:00,45.711715665,Raipur,27.3,78,0.7,53
2026-08-27 17:17:17.823606,2026-08-29 16:00:00,46.711715665,Raipur,27.0,81,0.7,53
2026-08-27 17:17:17.823606,2026-08-29 17:00:00,47.711715665,Raipur,26.1,82,1.7,80
2026-08-27 17:17:17.823606,2026-08-29 18:00:00,48.711715665,Raipur,25.5,78,1.4,80
2026-08-27 17:17:17.823606,2026-08-29 19:00:00,49.711715665,Raipur,25.3,72,3.3,95
2026-08-27 17:17:17.823606,2026-08-29 20:00:00,50.711715665,Raipur,25.3,67,2.6,95
2026-08-27 17:17:17.823606,2026-08-29 21:00:00,51.711715665,Raipur,25.3,65,1.2,55
2026-08-27 17:17:17.823606,2026-08-29 22:00:00,52.711715665,Raipur,25.1,64,0.7,53
2026-08-27 17:17:17.823606,2026-08-29 23:00:00,53.711715665,Raipur,25.0,65,2.3,80
2026-08-27 17:17:17.823606,2026-08-30 00:00:00,54.711715665,Raipur,24.9,68,3.9,95
2026-08-27 17:17:17.823606,2026-08-30 01:00:00,55.711715665,Raipur,24.8,72,2.7,81
2026-08-27 17:17:17.823606,2026-08-30 02:00:00,56.711715665,Raipur,24.6,76,1.1,55
2026-08-27 17:17:17.823606,2026-08-30 03:00:00,57.711715665,Raipur,24.5,78,3.1,81
2026-08-27 17:17:17.823606,2026-08-30 04:00:00,58.711715665,Raipur,24.6,80,3.2,95
2026-08-27 17:17:17.823606,2026-08-30 05:00:00,59.711715665,Raipur,24.5,82,1.7,80
2026-08-27 17:17:17.823606,2026-08-30 06:00:00,60.711715665,Raipur,24.4,84,0.4,51
2026-08-27 17:17:17.823606,2026-08-30 07:00:00,61.711715665,Raipur,24.8,85,1.8,80
2026-08-27 17:17:17.823606,2026-08-30 08:00:00,62.711715665,Raipur,24.8,86,2.2,80
2026-08-27 17:17:17.823606,2026-08-30 09:00:00,63.711715665,Raipur,25.1,85,1.1,55
2026-08-27 17:17:17.823606,2026-08-30 10:00:00,64.711715665,Raipur,26.0,83,0.9,53
2026-08-27 17:17:17.823606,2026-08-30 11:00:00,65.711715665,Raipur,25.9,82,0.9,53
2026-08-27 17:17:17.823606,2026-08-30 12:00:00,66.711715665,Raipur,25.4,82,2.1,80
2026-08-27 17:17:17.823606,2026-08-30 13:00:00,67.711715665,Raipur,25.5,82,4.0,95
2026-08-27 17:17:17.823606,2026-08-30 14:00:00,68.711715665,Raipur,25.5,82,2.7,81
2026-08-27 17:17:17.823606,2026-08-30 15:00:00,69.711715665,Raipur,25.5,82,1.8,80
2026-08-27 17:17:17.823606,2026-08-30 16:00:00,70.711715665,Raipur,25.2,81,1.8,80
2026-08-27 17:17:17.823606,2026-08-30 17:00:00,71.711715665,Raipur,25.1,80,2.0,80
2026-08-27 17:17:17.823606,2026-08-30 18:00:00,72.711715665,Raipur,24.9,79,4.1,95
2026-08-27 17:17:17.823606,2026-08-30 19:00:00,73.711715665,Raipur,24.8,77,3.2,81
2026-08-27 17:17:17.823606,2026-08-30 20:00:00,74.711715665,Raipur,24.7,75,4.4,81
2026-08-27 17:17:17.823606,2026-08-30 21:00:00,75.711715665,Raipur,24.5,73,3.5,81
2026-08-27 17:17:17.823606,2026-08-30 22:00:00,76.711715665,Raipur,24.4,72,1.8,80
2026-08-27 17:17:17.823606,2026-08-30 23:00:00,77.711715665,Raipur,24.4,71,2.2,80
2026-08-27 17:17:17.823606,2026-08-31 00:00:00,78.711715665,Raipur,24.4,71,1.1,55
2026-08-27 17:17:17.823606,2026-08-31 01:00:00,79.711715665,Raipur,24.3,73,1.1,55
2026-08-27 17:17:17.823606,2026-08-31 02:00:00,80.711715665,Raipur,24.3,73,1.1,55
2026-08-27 17:17:17.823606,2026-08-31 03:00:00,81.711715665,Raipur,24.1,72,0.5,53
2026-08-27 17:17:17.823606,2026-08-31 04:00:00,82.711715665,Raipur,24.0,70,0.5,53
2026-08-27 17:17:17.823606,2026-08-31 05:00:00,83.711715665,Raipur,23.9,69,0.5,53
2026-08-27 17:17:17.823606,2026-08-31 06:00:00,84.711715665,Raipur,24.0,70,1.5,80
2026-08-27 17:17:17.823606,2026-08-31 07:00:00,85.711715665,Raipur,24.2,71,1.5,80
2026-08-27 17:17:17.823606,2026-08-31 08:00:00,86.711715665,Raipur,24.4,73,1.5,80
2026-08-27 17:17:17.823606,2026-08-31 09:00:00,87.711715665,Raipur,24.4,74,3.5,81
2026-08-27 17:17:17.823606,2026-08-31 10:00:00,88.711715665,Raipur,24.3,76,3.5,81
2026-08-27 17:17:17.823606,2026-08-31 11:00:00,89.711715665,Raipur,24.3,76,3.5,81
2026-08-27 17:17:17.823606,2026-08-31 12:00:00,90.711715665,Raipur,24.4,74,4.0,81
2026-08-27 17:17:17.823606,2026-08-31 13:00:00,91.711715665,Raipur,24.6,71,4.0,81
2026-08-27 17:17:17.823606,2026-08-31 14:00:00,92.711715665,Raipur,24.8,69,4.0,81
2026-08-27 17:17:17.823606,2026-08-31 15:00:00,93.711715665,Raipur,24.8,69,2.1,80
2026-08-27 17:17:17.823606,2026-08-31 16:00:00,94.711715665,Raipur,24.7,69,2.1,80
2026-08-27 17:17:17.823606,2026-08-31 17:00:00,95.711715665,Raipur,24.6,69,2.1,80
2026-08-27 17:17:17.823606,2026-08-31 18:00:00,96.711715665,Raipur,24.6,66,2.4,80
2026-08-27 17:17:17.823606,2026-08-31 19:00:00,97.711715665,Raipur,24.5,62,2.4,80
2026-08-27 17:17:17.823606,2026-08-31 20:00:00,98.711715665,Raipur,24.4,59,2.4,80
2026-08-27 17:17:17.823606,2026-08-31 21:00:00,99.711715665,Raipur,24.2,58,0.2,51
2026-08-27 17:17:17.823606,2026-08-31 22:00:00,100.711715665,Raipur,24.0,59,0.2,51
2026-08-27 17:17:17.823606,2026-08-31 23:00:00,101.711715665,Raipur,23.9,59,0.2,51
2026-08-27 17:17:17.823606,2026-09-01 00:00:00,102.711715665,Raipur,23.8,58,0.0,3
2026-08-27 17:17:17.823606,2026-09-01 01:00:00,103.711715665,Raipur,23.7,56,0.0,3
2026-08-27 17:17:17.823606,2026-09-01 02:00:00,104.711715665,Raipur,23.6,53,0.0,3
2026-08-27 17:17:17.823606,2026-09-01 03:00:00,105.711715665,Raipur,23.5,50,0.4,51
2026-08-27 17:17:17.823606,2026-09-01 04:00:00,106.711715665,Raipur,23.5,46,0.4,51
2026-08-27 17:17:17.823606,2026-09-01 05:00:00,107.711715665,Raipur,23.5,43,0.4,51
2026-08-27 17:17:17.823606,2026-09-01 06:00:00,108.711715665,Raipur,23.6,41,1.1,55
2026-08-27 17:17:17.823606,2026-09-01 07:00:00,109.711715665,Raipur,23.9,41,1.1,55
2026-08-27 17:17:17.823606,2026-09-01 08:00:00,110.711715665,Raipur,24.4,41,1.1,55
2026-08-27 17:17:17.823606,2026-09-01 09:00:00,111.711715665,Raipur,25.5,42,0.1,51
2026-08-27 17:17:17.823606,2026-09-01 10:00:00,112.711715665,Raipur,26.8,44,0.1,51
2026-08-27 17:17:17.823606,2026-09-01 11:00:00,113.711715665,Raipur,28.0,47,0.1,51
2026-08-27 17:17:17.823606,2026-09-01 12:00:00,114.711715665,Raipur,28.7,51,0.0,3
2026-08-27 17:17:17.823606,2026-09-01 13:00:00,115.711715665,Raipur,29.1,55,0.0,3
2026-08-27 17:17:17.823606,2026-09-01 14:00:00,116.711715665,Raipur,29.2,57,0.0,3
2026-08-27 17:17:17.823606,2026-09-01 15:00:00,117.711715665,Raipur,29.0,55,0.0,3
2026-08-27 17:17:17.823606,2026-09-01 16:00:00,118.711715665,Raipur,28.6,51,0.0,3
2026-08-27 17:17:17.823606,2026-09-01 17:00:00,119.711715665,Raipur,27.9,47,0.0,3
2026-08-27 17:17:17.823606,2026-09-01 18:00:00,120.711715665,Raipur,27.0,43,0.3,51
2026-08-27 17:17:17.823606,2026-09-01 19:00:00,121.711715665,Raipur,26.0,39,0.3,51
2026-08-27 17:17:17.823606,2026-09-01 20:00:00,122.711715665,Raipur,25.2,37,0.3,51
2026-08-27 17:17:17.823606,2026-09-01 21:00:00,123.711715665,Raipur,24.7,38,1.6,61
2026-08-27 17:17:17.823606,2026-09-01 22:00:00,124.711715665,Raipur,24.5,41,1.6,61
2026-08-27 17:17:17.823606,2026-09-01 23:00:00,125.711715665,Raipur,24.3,43,1.6,61
2026-08-27 17:17:17.823606,2026-09-02 00:00:00,126.711715665,Raipur,24.1,44,1.5,61
2026-08-27 17:17:17.823606,2026-09-02 01:00:00,127.711715665,Raipur,24.1,44,1.5,61
2026-08-27 17:17:17.823606,2026-09-02 02:00:00,128.711715665,Raipur,24.0,45,1.5,61
2026-08-27 17:17:17.823606,2026-09-02 03:00:00,129.711715665,Raipur,23.6,46,0.2,51
2026-08-27 17:17:17.823606,2026-09-02 04:00:00,130.711715665,Raipur,23.7,47,0.2,51
2026-08-27 17:17:17.823606,2026-09-02 05:00:00,131.711715665,Raipur,23.9,47,0.2,51
2026-08-27 17:17:17.823606,2026-09-02 06:00:00,132.711715665,Raipur,24.3,46,0.0,3
2026-08-27 17:17:17.823606,2026-09-02 07:00:00,133.711715665,Raipur,24.9,44,0.0,3
2026-08-27 17:17:17.823606,2026-09-02 08:00:00,134.711715665,Raipur,25.7,43,0.0,3
2026-08-27 17:17:17.823606,2026-09-02 09:00:00,135.711715665,Raipur,26.4,42,0.0,3
2026-08-27 17:17:17.823606,2026-09-02 10:00:00,136.711715665,Raipur,27.0,40,0.0,3
2026-08-27 17:17:17.823606,2026-09-02 11:00:00,137.711715665,Raipur,27.3,41,0.0,3
2026-08-27 17:17:17.823606,2026-09-02 12:00:00,138.711715665,Raipur,27.4,44,0.1,51
2026-08-27 17:17:17.823606,2026-09-02 13:00:00,139.711715665,Raipur,27.3,49,0.1,51
2026-08-27 17:17:17.823606,2026-09-02 14:00:00,140.711715665,Raipur,27.1,54,0.1,51
2026-08-27 17:17:17.823606,2026-09-02 15:00:00,141.711715665,Raipur,26.8,59,0.1,51
2026-08-27 17:17:17.823606,2026-09-02 16:00:00,142.711715665,Raipur,26.4,63,0.1,51
2026-08-27 17:17:17.823606,2026-09-02 17:00:00,143.711715665,Raipur,26.2,65,0.1,51
2026-08-27 17:17:17.823606,2026-09-02 18:00:00,144.711715665,Raipur,25.9,63,0.0,3
2026-08-27 17:17:17.823606,2026-09-02 19:00:00,145.711715665,Raipur,25.6,58,0.0,3
2026-08-27 17:17:17.823606,2026-09-02 20:00:00,146.711715665,Raipur,25.3,53,0.0,3
2026-08-27 17:17:17.823606,2026-09-02 21:00:00,147.711715665,Raipur,25.0,47,0.0,3
2026-08-27 17:17:17.823606,2026-09-02 22:00:00,148.711715665,Raipur,24.8,41,0.0,3
2026-08-27 17:17:17.823606,2026-09-02 23:00:00,149.711715665,Raipur,24.6,37,0.0,3
2026-08-27 17:28:10.331564,2026-08-27 17:00:00,-0.4695365455555556,Raipur,26.1,90,1.2,55
2026-08-27 17:28:10.331564,2026-08-27 18:00:00,0.5304634544444444,Raipur,25.9,94,0.6,53
2026-08-27 17:28:10.331564,2026-08-27 19:00:00,1.5304634544444444,Raipur,25.6,99,0.4,51
2026-08-27 17:28:10.331564,2026-08-27 20:00:00,2.5304634544444444,Raipur,25.3,98,0.2,51
2026-08-27 17:28:10.331564,2026-08-27 21:00:00,3.5304634544444444,Raipur,25.2,84,0.2,51
2026-08-27 17:28:10.331564,2026-08-27 22:00:00,4.530463454444444,Raipur,25.1,65,0.1,51
2026-08-27 17:28:10.331564,2026-08-27 23:00:00,5.530463454444444,Raipur,25.0,49,0.1,51
2026-08-27 17:28:10.331564,2026-08-28 00:00:00,6.530463454444444,Raipur,24.9,43,0.1,51
2026-08-27 17:28:10.331564,2026-08-28 01:00:00,7.530463454444444,Raipur,24.9,41,0.0,3
2026-08-27 17:28:10.331564,2026-08-28 02:00:00,8.530463454444444,Raipur,24.6,39,0.0,3
2026-08-27 17:28:10.331564,2026-08-28 03:00:00,9.530463454444444,Raipur,24.6,35,0.0,3
2026-08-27 17:28:10.331564,2026-08-28 04:00:00,10.530463454444444,Raipur,24.7,30,0.0,3
2026-08-27 17:28:10.331564,2026-08-28 05:00:00,11.530463454444444,Raipur,24.5,27,0.0,3
2026-08-27 17:28:10.331564,2026-08-28 06:00:00,12.530463454444444,Raipur,24.7,24,0.0,3
2026-08-27 17:28:10.331564,2026-08-28 07:00:00,13.530463454444444,Raipur,25.8,23,0.0,3
2026-08-27 17:28:10.331564,2026-08-28 08:00:00,14.530463454444444,Raipur,26.9,24,0.0,2
2026-08-27 17:28:10.331564,2026-08-28 09:00:00,15.530463454444444,Raipur,28.2,30,0.0,2
2026-08-27 17:28:10.331564,2026-08-28 10:00:00,16.530463454444444,Raipur,29.2,38,0.0,1
2026-08-27 17:28:10.331564,2026-08-28 11:00:00,17.530463454444444,Raipur,29.7,47,0.3,51
2026-08-27 17:28:10.331564,2026-08-28 12:00:00,18.530463454444448,Raipur,30.6,56,0.1,51
2026-08-27 17:28:10.331564,2026-08-28 13:00:00,19.530463454444448,Raipur,30.9,65,0.0,1
2026-08-27 17:28:10.331564,2026-08-28 14:00:00,20.530463454444448,Raipur,31.2,73,0.1,51
2026-08-27 17:28:10.331564,2026-08-28 15:00:00,21.530463454444448,Raipur,29.0,78,1.6,95
2026-08-27 17:28:10.331564,2026-08-28 16:00:00,22.530463454444448,Raipur,28.7,82,0.7,53
2026-08-27 17:28:10.331564,2026-08-28 17:00:00,23.530463454444448,Raipur,27.8,82,0.8,95
2026-08-27 17:28:10.331564,2026-08-28 18:00:00,24.530463454444448,Raipur,24.9,77,6.1,95
2026-08-27 17:28:10.331564,2026-08-28 19:00:00,25.530463454444448,Raipur,25.7,68,1.5,80
2026-08-27 17:28:10.331564,2026-08-28 20:00:00,26.530463454444448,Raipur,25.3,59,0.5,53
2026-08-27 17:28:10.331564,2026-08-28 21:00:00,27.530463454444448,Raipur,25.1,52,0.1,51
2026-08-27 17:28:10.331564,2026-08-28 22:00:00,28.530463454444448,Raipur,24.9,45,0.0,3
2026-08-27 17:28:10.331564,2026-08-28 23:00:00,29.530463454444448,Raipur,24.9,39,0.0,3
2026-08-27 17:28:10.331564,2026-08-29 00:00:00,30.530463454444448,Raipur,25.0,36,0.0,3
2026-08-27 17:28:10.331564,2026-08-29 01:00:00,31.530463454444448,Raipur,24.8,34,0.0,3
2026-08-27 17:28:10.331564,2026-08-29 02:00:00,32.530463454444444,Raipur,24.8,33,0.0,3
2026-08-27 17:28:10.331564,2026-08-29 03:00:00,33.530463454444444,Raipur,24.6,34,0.3,51
2026-08-27 17:28:10.331564,2026-08-29 04:00:00,34.530463454444444,Raipur,24.7,36,0.3,51
2026-08-27 17:28:10.331564,2026-08-29 05:00:00,35.530463454444444,Raipur,24.8,39,0.5,53
2026-08-27 17:28:10.331564,2026-08-29 06:00:00,36.53046345444445,Raipur,24.7,43,0.5,53
2026-08-27 17:28:10.331564,2026-08-29 07:00:00,37.53046345444445,Raipur,24.9,49,3.3,95
2026-08-27 17:28:10.331564,2026-08-29 08:00:00,38.53046345444445,Raipur,25.5,55,2.7,95
2026-08-27 17:28:10.331564,2026-08-29 09:00:00,39.53046345444445,Raipur,26.6,62,1.1,95
2026-08-27 17:28:10.331564,2026-08-29 10:00:00,40.53046345444445,Raipur,27.0,70,0.5,95
2026-08-27 17:28:10.331564,2026-08-29 11:00:00,41.53046345444445,Raipur,27.2,75,0.6,95
2026-08-27 17:28:10.331564,2026-08-29 12:00:00,42.53046345444445,Raipur,26.7,77,5.0,96
2026-08-27 17:28:10.331564,2026-08-29 13:00:00,43.53046345444445,Raipur,27.5,76,4.2,96
2026-08-27 17:28:10.331564,2026-08-29 14:00:00,44.53046345444445,Raipur,27.4,76,2.4,95
2026-08-27 17:28:10.331564,2026-08-29 15:00:00,45.53046345444445,Raipur,27.3,78,0.7,53
2026-08-27 17:28:10.331564,2026-08-29 16:00:00,46.53046345444445,Raipur,27.0,81,0.7,53
2026-08-27 17:28:10.331564,2026-08-29 17:00:00,47.53046345444445,Raipur,26.1,82,1.7,80
2026-08-27 17:28:10.331564,2026-08-29 18:00:00,48.53046345444445,Raipur,25.5,78,1.4,80
2026-08-27 17:28:10.331564,2026-08-29 19:00:00,49.53046345444445,Raipur,25.3,72,3.3,95
2026-08-27 17:28:10.331564,2026-08-29 20:00:00,50.53046345444445,Raipur,25.3,67,2.6,95
2026-08-27 17:28:10.331564,2026-08-29 21:00:00,51.53046345444445,Raipur,25.3,65,1.2,55
2026-08-27 17:28:10.331564,2026-08-29 22:00:00,52.53046345444445,Raipur,25.1,64,0.7,53
2026-08-27 17:28:10.331564,2026-08-29 23:00:00,53.53046345444445,Raipur,25.0,65,2.3,80
2026-08-27 17:28:10.331564,2026-08-30 00:00:00,54.53046345444445,Raipur,24.9,68,3.9,95
2026-08-27 17:28:10.331564,2026-08-30 01:00:00,55.53046345444445,Raipur,24.8,72,2.7,81
2026-08-27 17:28:10.331564,2026-08-30 02:00:00,56.53046345444445,Raipur,24.6,76,1.1,55
2026-08-27 17:28:10.331564,2026-08-30 03:00:00,57.53046345444445,Raipur,24.5,78,3.1,81
2026-08-27 17:28:10.331564,2026-08-30 04:00:00,58.53046345444445,Raipur,24.6,80,3.2,95
2026-08-27 17:28:10.331564,2026-08-30 05:00:00,59.53046345444445,Raipur,24.5,82,1.7,80
2026-08-27 17:28:10.331564,2026-08-30 06:00:00,60.53046345444445,Raipur,24.4,84,0.4,51
2026-08-27 17:28:10.331564,2026-08-30 07:00:00,61.53046345444445,Raipur,24.8,85,1.8,80
2026-08-27 17:28:10.331564,2026-08-30 08:00:00,62.53046345444445,Raipur,24.8,86,2.2,80
2026-08-27 17:28:10.331564,2026-08-30 09:00:00,63.53046345444445,Raipur,25.1,85,1.1,55
2026-08-27 17:28:10.331564,2026-08-30 10:00:00,64.53046345444444,Raipur,26.0,83,0.9,53
2026-08-27 17:28:10.331564,2026-08-30 11:00:00,65.53046345444444,Raipur,25.9,82,0.9,53
2026-08-27 17:28:10.331564,2026-08-30 12:00:00,66.53046345444444,Raipur,25.4,82,2.1,80
2026-08-27 17:28:10.331564,2026-08-30 13:00:00,67.53046345444444,Raipur,25.5,82,4.0,95
2026-08-27 17:28:10.331564,2026-08-30 14:00:00,68.53046345444444,Raipur,25.5,82,2.7,81
2026-08-27 17:28:10.331564,2026-08-30 15:00:00,69.53046345444444,Raipur,25.5,82,1.8,80
2026-08-27 17:28:10.331564,2026-08-30 16:00:00,70.53046345444444,Raipur,25.2,81,1.8,80
2026-08-27 17:28:10.331564,2026-08-30 17:00:00,71.53046345444444,Raipur,25.1,80,2.0,80
2026-08-27 17:28:10.331564,2026-08-30 18:00:00,72.53046345444444,Raipur,24.9,79,4.1,95
2026-08-27 17:28:10.331564,2026-08-30 19:00:00,73.53046345444444,Raipur,24.8,77,3.2,81
2026-08-27 17:28:10.331564,2026-08-30 20:00:00,74.53046345444444,Raipur,24.7,75,4.4,81
2026-08-27 17:28:10.331564,2026-08-30 21:00:00,75.53046345444444,Raipur,24.5,73,3.5,81
2026-08-27 17:28:10.331564,2026-08-30 22:00:00,76.53046345444444,Raipur,24.4,72,1.8,80
2026-08-27 17:28:10.331564,2026-08-30 23:00:00,77.53046345444444,Raipur,24.4,71,2.2,80
2026-08-27 17:28:10.331564,2026-08-31 00:00:00,78.53046345444444,Raipur,24.4,71,1.1,55
2026-08-27 17:28:10.331564,2026-08-31 01:00:00,79.53046345444444,Raipur,24.3,73,1.1,55
2026-08-27 17:28:10.331564,2026-08-31 02:00:00,80.53046345444444,Raipur,24.3,73,1.1,55
2026-08-27 17:28:10.331564,2026-08-31 03:00:00,81.53046345444444,Raipur,24.1,72,0.5,53
2026-08-27 17:28:10.331564,2026-08-31 04:00:00,82.53046345444444,Raipur,24.0,70,0.5,53
2026-08-27 17:28:10.331564,2026-08-31 05:00:00,83.53046345444444,Raipur,23.9,69,0.5,53
2026-08-27 17:28:10.331564,2026-08-31 06:00:00,84.53046345444444,Raipur,24.0,70,1.5,80
2026-08-27 17:28:10.331564,2026-08-31 07:00:00,85.53046345444444,Raipur,24.2,71,1.5,80
2026-08-27 17:28:10.331564,2026-08-31 08:00:00,86.53046345444444,Raipur,24.4,73,1.5,80
2026-08-27 17:28:10.331564,2026-08-31 09:00:00,87.53046345444444,Raipur,24.4,74,3.5,81
2026-08-27 17:28:10.331564,2026-08-31 10:00:00,88.53046345444444,Raipur,24.3,76,3.5,81
2026-08-27 17:28:10.331564,2026-08-31 11:00:00,89.53046345444444,Raipur,24.3,76,3.5,81
2026-08-27 17:28:10.331564,2026-08-31 12:00:00,90.53046345444444,Raipur,24.4,74,4.0,81
2026-08-27 17:28:10.331564,2026-08-31 13:00:00,91.53046345444444,Raipur,24.6,71,4.0,81
2026-08-27 17:28:10.331564,2026-08-31 14:00:00,92.53046345444444,Raipur,24.8,69,4.0,81
2026-08-27 17:28:10.331564,2026-08-31 15:00:00,93.53046345444444,Raipur,24.8,69,2.1,80
2026-08-27 17:28:10.331564,2026-08-31 16:00:00,94.53046345444444,Raipur,24.7,69,2.1,80
2026-08-27 17:28:10.331564,2026-08-31 17:00:00,95.53046345444444,Raipur,24.6,69,2.1,80
2026-08-27 17:28:10.331564,2026-08-31 18:00:00,96.53046345444444,Raipur,24.6,66,2.4,80
2026-08-27 17:28:10.331564,2026-08-31 19:00:00,97.53046345444444,Raipur,24.5,62,2.4,80
2026-08-27 17:28:10.331564,2026-08-31 20:00:00,98.53046345444444,Raipur,24.4,59,2.4,80
2026-08-27 17:28:10.331564,2026-08-31 21:00:00,99.53046345444444,Raipur,24.2,58,0.2,51
2026-08-27 17:28:10.331564,2026-08-31 22:00:00,100.53046345444444,Raipur,24.0,59,0.2,51
2026-08-27 17:28:10.331564,2026-08-31 23:00:00,101.53046345444444,Raipur,23.9,59,0.2,51
2026-08-27 17:28:10.331564,2026-09-01 00:00:00,102.53046345444444,Raipur,23.8,58,0.0,3
2026-08-27 17:28:10.331564,2026-09-01 01:00:00,103.53046345444444,Raipur,23.7,56,0.0,3
2026-08-27 17:28:10.331564,2026-09-01 02:00:00,104.53046345444444,Raipur,23.6,53,0.0,3
2026-08-27 17:28:10.331564,2026-09-01 03:00:00,105.53046345444444,Raipur,23.5,50,0.4,51
2026-08-27 17:28:10.331564,2026-09-01 04:00:00,106.53046345444444,Raipur,23.5,46,0.4,51
2026-08-27 17:28:10.331564,2026-09-01 05:00:00,107.53046345444444,Raipur,23.5,43,0.4,51
2026-08-27 17:28:10.331564,2026-09-01 06:00:00,108.53046345444444,Raipur,23.6,41,1.1,55
2026-08-27 17:28:10.331564,2026-09-01 07:00:00,109.53046345444444,Raipur,23.9,41,1.1,55
2026-08-27 17:28:10.331564,2026-09-01 08:00:00,110.53046345444444,Raipur,24.4,41,1.1,55
2026-08-27 17:28:10.331564,2026-09-01 09:00:00,111.53046345444444,Raipur,25.5,42,0.1,51
2026-08-27 17:28:10.331564,2026-09-01 10:00:00,112.53046345444444,Raipur,26.8,44,0.1,51
2026-08-27 17:28:10.331564,2026-09-01 11:00:00,113.53046345444444,Raipur,28.0,47,0.1,51
2026-08-27 17:28:10.331564,2026-09-01 12:00:00,114.53046345444444,Raipur,28.7,51,0.0,3
2026-08-27 17:28:10.331564,2026-09-01 13:00:00,115.53046345444444,Raipur,29.1,55,0.0,3
2026-08-27 17:28:10.331564,2026-09-01 14:00:00,116.53046345444444,Raipur,29.2,57,0.0,3
2026-08-27 17:28:10.331564,2026-09-01 15:00:00,117.53046345444444,Raipur,29.0,55,0.0,3
2026-08-27 17:28:10.331564,2026-09-01 16:00:00,118.53046345444444,Raipur,28.6,51,0.0,3
2026-08-27 17:28:10.331564,2026-09-01 17:00:00,119.53046345444444,Raipur,27.9,47,0.0,3
2026-08-27 17:28:10.331564,2026-09-01 18:00:00,120.53046345444444,Raipur,27.0,43,0.3,51
2026-08-27 17:28:10.331564,2026-09-01 19:00:00,121.53046345444444,Raipur,26.0,39,0.3,51
2026-08-27 17:28:10.331564,2026-09-01 20:00:00,122.53046345444444,Raipur,25.2,37,0.3,51
2026-08-27 17:28:10.331564,2026-09-01 21:00:00,123.53046345444444,Raipur,24.7,38,1.6,61
2026-08-27 17:28:10.331564,2026-09-01 22:00:00,124.53046345444444,Raipur,24.5,41,1.6,61
2026-08-27 17:28:10.331564,2026-09-01 23:00:00,125.53046345444444,Raipur,24.3,43,1.6,61
2026-08-27 17:28:10.331564,2026-09-02 00:00:00,126.53046345444444,Raipur,24.1,44,1.5,61
2026-08-27 17:28:10.331564,2026-09-02 01:00:00,127.53046345444444,Raipur,24.1,44,1.5,61
2026-08-27 17:28:10.331564,2026-09-02 02:00:00,128.53046345444446,Raipur,24.0,45,1.5,61
2026-08-27 17:28:10.331564,2026-09-02 03:00:00,129.53046345444446,Raipur,23.6,46,0.2,51
2026-08-27 17:28:10.331564,2026-09-02 04:00:00,130.53046345444446,Raipur,23.7,47,0.2,51
2026-08-27 17:28:10.331564,2026-09-02 05:00:00,131.53046345444446,Raipur,23.9,47,0.2,51
2026-08-27 17:28:10.331564,2026-09-02 06:00:00,132.53046345444446,Raipur,24.3,46,0.0,3
2026-08-27 17:28:10.331564,2026-09-02 07:00:00,133.53046345444446,Raipur,24.9,44,0.0,3
2026-08-27 17:28:10.331564,2026-09-02 08:00:00,134.53046345444446,Raipur,25.7,43,0.0,3
2026-08-27 17:28:10.331564,2026-09-02 09:00:00,135.53046345444446,Raipur,26.4,42,0.0,3
2026-08-27 17:28:10.331564,2026-09-02 10:00:00,136.53046345444446,Raipur,27.0,40,0.0,3
2026-08-27 17:28:10.331564,2026-09-02 11:00:00,137.53046345444446,Raipur,27.3,41,0.0,3
2026-08-27 17:28:10.331564,2026-09-02 12:00:00,138.53046345444446,Raipur,27.4,44,0.1,51
2026-08-27 17:28:10.331564,2026-09-02 13:00:00,139.53046345444446,Raipur,27.3,49,0.1,51
2026-08-27 17:28:10.331564,2026-09-02 14:00:00,140.53046345444446,Raipur,27.1,54,0.1,51
2026-08-27 17:28:10.331564,2026-09-02 15:00:00,141.53046345444446,Raipur,26.8,59,0.1,51
2026-08-27 17:28:10.331564,2026-09-02 16:00:00,142.53046345444446,Raipur,26.4,63,0.1,51
2026-08-27 17:28:10.331564,2026-09-02 17:00:00,143.53046345444446,Raipur,26.2,65,0.1,51
2026-08-27 17:28:10.331564,2026-09-02 18:00:00,144.53046345444446,Raipur,25.9,63,0.0,3
2026-08-27 17:28:10.331564,2026-09-02 19:00:00,145.53046345444446,Raipur,25.6,58,0.0,3
2026-08-27 17:28:10.331564,2026-09-02 20:00:00,146.53046345444446,Raipur,25.3,53,0.0,3
2026-08-27 17:28:10.331564,2026-09-02 21:00:00,147.53046345444446,Raipur,25.0,47,0.0,3
2026-08-27 17:28:10.331564,2026-09-02 22:00:00,148.53046345444446,Raipur,24.8,41,0.0,3
2026-08-27 17:28:10.331564,2026-09-02 23:00:00,149.53046345444446,Raipur,24.6,37,0.0,3
2026-08-27 18:18:02.107813,2026-08-27 18:00:00,-0.30058550361111114,Raipur,25.2,94,1.4,61
2026-08-27 18:18:02.107813,2026-08-27 19:00:00,0.6994144963888889,Raipur,25.3,99,0.6,53
2026-08-27 18:18:02.107813,2026-08-27 20:00:00,1.699414496388889,Raipur,25.2,98,0.4,51
2026-08-27 18:18:02.107813,2026-08-27 21:00:00,2.6994144963888886,Raipur,24.9,84,0.3,51
2026-08-27 18:18:02.107813,2026-08-27 22:00:00,3.6994144963888886,Raipur,24.9,65,0.1,51
2026-08-27 18:18:02.107813,2026-08-27 23:00:00,4.699414496388889,Raipur,24.8,49,0.0,3
2026-08-27 18:18:02.107813,2026-08-28 00:00:00,5.699414496388889,Raipur,24.7,43,0.0,3
2026-08-27 18:18:02.107813,2026-08-28 01:00:00,6.699414496388889,Raipur,24.6,41,0.0,3
2026-08-27 18:18:02.107813,2026-08-28 02:00:00,7.699414496388889,Raipur,24.5,39,0.0,3
2026-08-27 18:18:02.107813,2026-08-28 03:00:00,8.69941449638889,Raipur,24.4,35,0.0,3
2026-08-27 18:18:02.107813,2026-08-28 04:00:00,9.699414496388888,Raipur,24.5,30,0.0,3
2026-08-27 18:18:02.107813,2026-08-28 05:00:00,10.699414496388888,Raipur,24.5,27,0.0,3
2026-08-27 18:18:02.107813,2026-08-28 06:00:00,11.699414496388888,Raipur,24.7,24,0.0,3
2026-08-27 18:18:02.107813,2026-08-28 07:00:00,12.699414496388888,Raipur,25.5,23,0.0,3
2026-08-27 18:18:02.107813,2026-08-28 08:00:00,13.699414496388888,Raipur,26.8,24,0.0,3
2026-08-27 18:18:02.107813,2026-08-28 09:00:00,14.699414496388888,Raipur,28.2,30,0.0,3
2026-08-27 18:18:02.107813,2026-08-28 10:00:00,15.699414496388888,Raipur,29.2,38,0.0,3
2026-08-27 18:18:02.107813,2026-08-28 11:00:00,16.69941449638889,Raipur,29.3,47,0.1,51
2026-08-27 18:18:02.107813,2026-08-28 12:00:00,17.69941449638889,Raipur,30.3,56,0.2,51
2026-08-27 18:18:02.107813,2026-08-28 13:00:00,18.69941449638889,Raipur,31.0,65,0.2,51
2026-08-27 18:18:02.107813,2026-08-28 14:00:00,19.69941449638889,Raipur,30.6,73,0.2,51
2026-08-27 18:18:02.107813,2026-08-28 15:00:00,20.69941449638889,Raipur,30.3,78,0.2,51
2026-08-27 18:18:02.107813,2026-08-28 16:00:00,21.69941449638889,Raipur,29.5,82,0.3,51
2026-08-27 18:18:02.107813,2026-08-28 17:00:00,22.69941449638889,Raipur,27.3,82,0.9,53
2026-08-27 18:18:02.107813,2026-08-28 18:00:00,23.69941449638889,Raipur,26.9,77,0.2,51
2026-08-27 18:18:02.107813,2026-08-28 19:00:00,24.69941449638889,Raipur,25.9,68,2.2,95
2026-08-27 18:18:02.107813,2026-08-28 20:00:00,25.69941449638889,Raipur,25.9,59,0.8,53
2026-08-27 18:18:02.107813,2026-08-28 21:00:00,26.69941449638889,Raipur,25.6,52,0.7,53
2026-08-27 18:18:02.107813,2026-08-28 22:00:00,27.69941449638889,Raipur,25.3,45,0.4,51
2026-08-27 18:18:02.107813,2026-08-28 23:00:00,28.69941449638889,Raipur,25.1,39,0.2,51
2026-08-27 18:18:02.107813,2026-08-29 00:00:00,29.69941449638889,Raipur,24.7,36,0.2,51
2026-08-27 18:18:02.107813,2026-08-29 01:00:00,30.69941449638889,Raipur,24.5,34,0.0,3
2026-08-27 18:18:02.107813,2026-08-29 02:00:00,31.69941449638889,Raipur,24.4,33,0.0,3
2026-08-27 18:18:02.107813,2026-08-29 03:00:00,32.69941449638889,Raipur,24.4,34,0.0,3
2026-08-27 18:18:02.107813,2026-08-29 04:00:00,33.69941449638889,Raipur,24.5,36,0.0,3
2026-08-27 18:18:02.107813,2026-08-29 05:00:00,34.69941449638889,Raipur,24.6,39,0.0,3
2026-08-27 18:18:02.107813,2026-08-29 06:00:00,35.69941449638889,Raipur,24.6,43,0.4,51
2026-08-27 18:18:02.107813,2026-08-29 07:00:00,36.69941449638888,Raipur,24.9,49,1.4,80
2026-08-27 18:18:02.107813,2026-08-29 08:00:00,37.69941449638888,Raipur,25.6,55,1.3,80
2026-08-27 18:18:02.107813,2026-08-29 09:00:00,38.69941449638888,Raipur,25.9,62,1.2,95
2026-08-27 18:18:02.107813,2026-08-29 10:00:00,39.69941449638888,Raipur,27.1,70,0.4,95
2026-08-27 18:18:02.107813,2026-08-29 11:00:00,40.69941449638888,Raipur,27.4,75,0.5,95
2026-08-27 18:18:02.107813,2026-08-29 12:00:00,41.69941449638888,Raipur,28.7,77,0.4,95
2026-08-27 18:18:02.107813,2026-08-29 13:00:00,42.69941449638888,Raipur,29.4,76,0.3,95
2026-08-27 18:18:02.107813,2026-08-29 14:00:00,43.69941449638888,Raipur,27.6,76,2.5,96
2026-08-27 18:18:02.107813,2026-08-29 15:00:00,44.69941449638888,Raipur,26.7,78,4.7,96
2026-08-27 18:18:02.107813,2026-08-29 16:00:00,45.69941449638888,Raipur,26.3,81,1.7,80
2026-08-27 18:18:02.107813,2026-08-29 17:00:00,46.69941449638888,Raipur,25.9,82,0.7,53
2026-08-27 18:18:02.107813,2026-08-29 18:00:00,47.69941449638888,Raipur,25.4,78,0.9,53
2026-08-27 18:18:02.107813,2026-08-29 19:00:00,48.69941449638888,Raipur,25.4,72,1.3,80
2026-08-27 18:18:02.107813,2026-08-29 20:00:00,49.69941449638888,Raipur,25.1,67,1.2,55
2026-08-27 18:18:02.107813,2026-08-29 21:00:00,50.69941449638888,Raipur,24.8,65,1.3,80
2026-08-27 18:18:02.107813,2026-08-29 22:00:00,51.69941449638888,Raipur,24.8,64,1.3,80
2026-08-27 18:18:02.107813,2026-08-29 23:00:00,52.69941449638888,Raipur,24.8,65,1.3,80
2026-08-27 18:18:02.107813,2026-08-30 00:00:00,53.69941449638888,Raipur,24.9,68,0.9,53
2026-08-27 18:18:02.107813,2026-08-30 01:00:00,54.69941449638888,Raipur,24.8,72,0.4,51
2026-08-27 18:18:02.107813,2026-08-30 02:00:00,55.69941449638888,Raipur,24.6,76,0.6,53
2026-08-27 18:18:02.107813,2026-08-30 03:00:00,56.69941449638888,Raipur,24.5,78,0.5,53
2026-08-27 18:18:02.107813,2026-08-30 04:00:00,57.69941449638888,Raipur,24.5,80,1.3,80
2026-08-27 18:18:02.107813,2026-08-30 05:00:00,58.69941449638888,Raipur,24.6,82,1.6,80
2026-08-27 18:18:02.107813,2026-08-30 06:00:00,59.69941449638888,Raipur,24.6,84,3.6,81
2026-08-27 18:18:02.107813,2026-08-30 07:00:00,60.69941449638888,Raipur,24.7,85,4.6,81
2026-08-27 18:18:02.107813,2026-08-30 08:00:00,61.69941449638888,Raipur,24.8,86,2.3,80
2026-08-27 18:18:02.107813,2026-08-30 09:00:00,62.69941449638888,Raipur,25.5,85,1.1,55
2026-08-27 18:18:02.107813,2026-08-30 10:00:00,63.69941449638888,Raipur,25.5,83,1.4,80
2026-08-27 18:18:02.107813,2026-08-30 11:00:00,64.69941449638888,Raipur,25.3,82,3.3,81
2026-08-27 18:18:02.107813,2026-08-30 12:00:00,65.69941449638888,Raipur,25.1,82,3.4,81
2026-08-27 18:18:02.107813,2026-08-30 13:00:00,66.69941449638888,Raipur,25.0,82,0.6,53
2026-08-27 18:18:02.107813,2026-08-30 14:00:00,67.69941449638888,Raipur,25.2,82,4.2,95
2026-08-27 18:18:02.107813,2026-08-30 15:00:00,68.69941449638888,Raipur,25.8,82,3.3,95
2026-08-27 18:18:02.107813,2026-08-30 16:00:00,69.69941449638888,Raipur,25.9,81,1.6,80
2026-08-27 18:18:02.107813,2026-08-30 17:00:00,70.69941449638888,Raipur,25.4,80,2.3,80
2026-08-27 18:18:02.107813,2026-08-30 18:00:00,71.69941449638888,Raipur,25.1,79,4.3,95
2026-08-27 18:18:02.107813,2026-08-30 19:00:00,72.69941449638888,Raipur,24.8,77,2.1,80
2026-08-27 18:18:02.107813,2026-08-30 20:00:00,73.6994144963889,Raipur,24.6,75,3.4,81
2026-08-27 18:18:02.107813,2026-08-30 21:00:00,74.6994144963889,Raipur,24.6,73,4.0,81
2026-08-27 18:18:02.107813,2026-08-30 22:00:00,75.6994144963889,Raipur,24.5,72,6.3,81
2026-08-27 18:18:02.107813,2026-08-30 23:00:00,76.6994144963889,Raipur,24.2,71,2.7,81
2026-08-27 18:18:02.107813,2026-08-31 00:00:00,77.6994144963889,Raipur,24.3,71,1.6,80
2026-08-27 18:18:02.107813,2026-08-31 01:00:00,78.6994144963889,Raipur,24.3,73,2.0,80
2026-08-27 18:18:02.107813,2026-08-31 02:00:00,79.6994144963889,Raipur,24.2,73,1.2,55
2026-08-27 18:18:02.107813,2026-08-31 03:00:00,80.6994144963889,Raipur,24.2,72,1.5,80
2026-08-27 18:18:02.107813,2026-08-31 04:00:00,81.6994144963889,Raipur,24.2,70,2.0,80
2026-08-27 18:18:02.107813,2026-08-31 05:00:00,82.6994144963889,Raipur,24.0,69,2.4,80
2026-08-27 18:18:02.107813,2026-08-31 06:00:00,83.6994144963889,Raipur,24.0,70,3.1,81
2026-08-27 18:18:02.107813,2026-08-31 07:00:00,84.6994144963889,Raipur,24.0,71,3.1,81
2026-08-27 18:18:02.107813,2026-08-31 08:00:00,85.6994144963889,Raipur,24.1,73,3.1,81
2026-08-27 18:18:02.107813,2026-08-31 09:00:00,86.6994144963889,Raipur,24.5,74,0.8,53
2026-08-27 18:18:02.107813,2026-08-31 10:00:00,87.6994144963889,Raipur,25.0,76,0.8,53
2026-08-27 18:18:02.107813,2026-08-31 11:00:00,88.6994144963889,Raipur,25.3,76,0.8,53
2026-08-27 18:18:02.107813,2026-08-31 12:00:00,89.6994144963889,Raipur,25.4,74,2.1,80
2026-08-27 18:18:02.107813,2026-08-31 13:00:00,90.6994144963889,Raipur,25.2,71,2.1,80
2026-08-27 18:18:02.107813,2026-08-31 14:00:00,91.6994144963889,Raipur,25.1,69,2.1,80
2026-08-27 18:18:02.107813,2026-08-31 15:00:00,92.6994144963889,Raipur,24.9,69,1.4,80
2026-08-27 18:18:02.107813,2026-08-31 16:00:00,93.6994144963889,Raipur,24.8,69,1.4,80
2026-08-27 18:18:02.107813,2026-08-31 17:00:00,94.6994144963889,Raipur,24.6,69,1.4,80
2026-08-27 18:18:02.107813,2026-08-31 18:00:00,95.6994144963889,Raipur,24.5,66,1.6,80
2026-08-27 18:18:02.107813,2026-08-31 19:00:00,96.6994144963889,Raipur,24.4,62,1.6,80
2026-08-27 18:18:02.107813,2026-08-31 20:00:00,97.6994144963889,Raipur,24.2,59,1.6,80
2026-08-27 18:18:02.107813,2026-08-31 21:00:00,98.6994144963889,Raipur,24.1,58,0.6,53
2026-08-27 18:18:02.107813,2026-08-31 22:00:00,99.6994144963889,Raipur,23.9,59,0.6,53
2026-08-27 18:18:02.107813,2026-08-31 23:00:00,100.6994144963889,Raipur,23.8,59,0.6,53
2026-08-27 18:18:02.107813,2026-09-01 00:00:00,101.6994144963889,Raipur,23.8,58,0.4,51
2026-08-27 18:18:02.107813,2026-09-01 01:00:00,102.6994144963889,Raipur,23.7,56,0.4,51
2026-08-27 18:18:02.107813,2026-09-01 02:00:00,103.6994144963889,Raipur,23.7,53,0.4,51
2026-08-27 18:18:02.107813,2026-09-01 03:00:00,104.6994144963889,Raipur,23.6,50,1.3,80
2026-08-27 18:18:02.107813,2026-09-01 04:00:00,105.6994144963889,Raipur,23.6,46,1.3,80
2026-08-27 18:18:02.107813,2026-09-01 05:00:00,106.6994144963889,Raipur,23.7,43,1.3,80
2026-08-27 18:18:02.107813,2026-09-01 06:00:00,107.6994144963889,Raipur,23.8,41,0.6,53
2026-08-27 18:18:02.107813,2026-09-01 07:00:00,108.6994144963889,Raipur,24.0,41,0.6,53
2026-08-27 18:18:02.107813,2026-09-01 08:00:00,109.6994144963889,Raipur,24.4,41,0.6,53
2026-08-27 18:18:02.107813,2026-09-01 09:00:00,110.6994144963889,Raipur,24.9,42,0.2,51
2026-08-27 18:18:02.107813,2026-09-01 10:00:00,111.6994144963889,Raipur,25.5,44,0.2,51
2026-08-27 18:18:02.107813,2026-09-01 11:00:00,112.6994144963889,Raipur,26.0,47,0.2,51
2026-08-27 18:18:02.107813,2026-09-01 12:00:00,113.6994144963889,Raipur,26.3,51,0.5,53
2026-08-27 18:18:02.107813,2026-09-01 13:00:00,114.6994144963889,Raipur,26.5,55,0.5,53
2026-08-27 18:18:02.107813,2026-09-01 14:00:00,115.6994144963889,Raipur,26.6,57,0.5,53
2026-08-27 18:18:02.107813,2026-09-01 15:00:00,116.6994144963889,Raipur,26.6,55,0.2,51
2026-08-27 18:18:02.107813,2026-09-01 16:00:00,117.6994144963889,Raipur,26.5,51,0.2,51
2026-08-27 18:18:02.107813,2026-09-01 17:00:00,118.6994144963889,Raipur,26.3,47,0.2,51
2026-08-27 18:18:02.107813,2026-09-01 18:00:00,119.6994144963889,Raipur,26.0,43,0.1,51
2026-08-27 18:18:02.107813,2026-09-01 19:00:00,120.6994144963889,Raipur,25.5,39,0.1,51
2026-08-27 18:18:02.107813,2026-09-01 20:00:00,121.6994144963889,Raipur,25.1,37,0.1,51
2026-08-27 18:18:02.107813,2026-09-01 21:00:00,122.6994144963889,Raipur,24.8,38,0.4,51
2026-08-27 18:18:02.107813,2026-09-01 22:00:00,123.6994144963889,Raipur,24.6,41,0.4,51
2026-08-27 18:18:02.107813,2026-09-01 23:00:00,124.6994144963889,Raipur,24.4,43,0.4,51
2026-08-27 18:18:02.107813,2026-09-02 00:00:00,125.6994144963889,Raipur,24.2,44,1.9,80
2026-08-27 18:18:02.107813,2026-09-02 01:00:00,126.6994144963889,Raipur,24.2,44,1.9,80
2026-08-27 18:18:02.107813,2026-09-02 02:00:00,127.6994144963889,Raipur,24.1,45,1.9,80
2026-08-27 18:18:02.107813,2026-09-02 03:00:00,128.6994144963889,Raipur,24.0,46,7.0,81
2026-08-27 18:18:02.107813,2026-09-02 04:00:00,129.6994144963889,Raipur,23.9,47,7.0,81
2026-08-27 18:18:02.107813,2026-09-02 05:00:00,130.6994144963889,Raipur,23.9,47,7.0,81
2026-08-27 18:18:02.107813,2026-09-02 06:00:00,131.6994144963889,Raipur,23.9,46,5.6,81
2026-08-27 18:18:02.107813,2026-09-02 07:00:00,132.6994144963889,Raipur,24.0,44,5.6,81
2026-08-27 18:18:02.107813,2026-09-02 08:00:00,133.6994144963889,Raipur,24.1,43,5.6,81
2026-08-27 18:18:02.107813,2026-09-02 09:00:00,134.6994144963889,Raipur,24.5,42,0.7,53
2026-08-27 18:18:02.107813,2026-09-02 10:00:00,135.6994144963889,Raipur,25.0,40,0.7,53
2026-08-27 18:18:02.107813,2026-09-02 11:00:00,136.6994144963889,Raipur,25.4,41,0.7,53
2026-08-27 18:18:02.107813,2026-09-02 12:00:00,137.6994144963889,Raipur,27.4,44,0.1,51
2026-08-27 18:18:02.107813,2026-09-02 13:00:00,138.6994144963889,Raipur,27.3,49,0.1,51
2026-08-27 18:18:02.107813,2026-09-02 14:00:00,139.6994144963889,Raipur,27.1,54,0.1,51
2026-08-27 18:18:02.107813,2026-09-02 15:00:00,140.6994144963889,Raipur,26.8,59,0.1,51
2026-08-27 18:18:02.107813,2026-09-02 16:00:00,141.6994144963889,Raipur,26.4,63,0.1,51
2026-08-27 18:18:02.107813,2026-09-02 17:00:00,142.6994144963889,Raipur,26.2,65,0.1,51
2026-08-27 18:18:02.107813,2026-09-02 18:00:00,143.6994144963889,Raipur,25.9,63,0.0,3
2026-08-27 18:18:02.107813,2026-09-02 19:00:00,144.6994144963889,Raipur,25.6,58,0.0,3
2026-08-27 18:18:02.107813,2026-09-02 20:00:00,145.6994144963889,Raipur,25.3,53,0.0,3
2026-08-27 18:18:02.107813,2026-09-02 21:00:00,146.6994144963889,Raipur,25.0,47,0.0,3
2026-08-27 18:18:02.107813,2026-09-02 22:00:00,147.6994144963889,Raipur,24.8,41,0.0,3
2026-08-27 18:18:02.107813,2026-09-02 23:00:00,148.6994144963889,Raipur,24.6,37,0.0,3
